{
  "test_mse": 1113763.4888622763,
  "test_r2": 0.959446644554953,
  "best_val_loss": 996746.128,
  "final_train_r2": 0.9642984800446452,
  "final_val_r2": 0.9610232106072774
}