{
  "test_mse": 1206170.735931397,
  "test_r2": 0.9560819949021615,
  "best_val_loss": 1042013.97,
  "final_train_r2": 0.9603466153483191,
  "final_val_r2": 0.9586276882421952
}