{
  "test_mse": 1188341.2064147983,
  "test_r2": 0.9567311877111692,
  "best_val_loss": 970878.4285,
  "final_train_r2": 0.9614189519587363,
  "final_val_r2": 0.9590823315300413
}