{
  "test_mse": 1137894.9651871696,
  "test_r2": 0.9585679909210323,
  "best_val_loss": 982257.282,
  "final_train_r2": 0.9632349530616942,
  "final_val_r2": 0.9605123771607809
}