{
  "test_mse": 1120081.2727154635,
  "test_r2": 0.9592166070857907,
  "best_val_loss": 966669.0605,
  "final_train_r2": 0.9642061533513238,
  "final_val_r2": 0.9616141117635296
}