{
  "test_mse": 1214521.8233377526,
  "test_r2": 0.9557779226109352,
  "best_val_loss": 996746.128,
  "final_train_r2": 0.9604188660112128,
  "final_val_r2": 0.9583986922337601
}