{
  "test_mse": 1191315.088519803,
  "test_r2": 0.9566229053879811,
  "best_val_loss": 979428.435,
  "final_train_r2": 0.9613654935367146,
  "final_val_r2": 0.9591683786092532
}